법정동코드,시도,시군구,읍면동
1111010100,서울특별시,종로구,청운동
1111010200,서울특별시,종로구,신교동
1111010300,서울특별시,종로구,궁정동
1111010400,서울특별시,종로구,효자동
1111010500,서울특별시,종로구,창성동
1111010600,서울특별시,종로구,통의동
1111010700,서울특별시,종로구,적선동
1111010800,서울특별시,종로구,통인동
1111010900,서울특별시,종로구,누상동
1111011000,서울특별시,종로구,누하동
1111011100,서울특별시,종로구,옥인동
1111011200,서울특별시,종로구,체부동
1111011300,서울특별시,종로구,필운동
1111011400,서울특별시,종로구,내자동
1111011500,서울특별시,종로구,외자동
1111011600,서울특별시,종로구,사직동
1111011700,서울특별시,종로구,도렴동
1111011800,서울특별시,종로구,당주동
1111011900,서울특별시,종로구,내수동
1111012000,서울특별시,종로구,세종로
1111012100,서울특별시,종로구,신문로1가
1111012200,서울특별시,종로구,신문로2가
1111012300,서울특별시,종로구,청진동
1111012400,서울특별시,종로구,서린동
1111012500,서울특별시,종로구,수송동
1111012600,서울특별시,종로구,중학동
1111012700,서울특별시,종로구,종로1가
1111012800,서울특별시,종로구,공평동
1111012900,서울특별시,종로구,관훈동
1111013000,서울특별시,종로구,견지동
1111013100,서울특별시,종로구,와룡동
1111013200,서울특별시,종로구,권농동
1111013300,서울특별시,종로구,운니동
1111013400,서울특별시,종로구,익선동
1111013500,서울특별시,종로구,경운동
1111013600,서울특별시,종로구,관철동
1111013700,서울특별시,종로구,인사동
1111013800,서울특별시,종로구,낙원동
1111013900,서울특별시,종로구,팔판동
1111014000,서울특별시,종로구,삼청동
1111014100,서울특별시,종로구,안국동
1111014200,서울특별시,종로구,소격동
1111014300,서울특별시,종로구,화동
1111014400,서울특별시,종로구,사간동
1111014500,서울특별시,종로구,송현동
1111514600,서울특별시,종로구,가회동
1111014700,서울특별시,종로구,재동
1111014800,서울특별시,종로구,계동
1111014900,서울특별시,종로구,원서동
1111015000,서울특별시,종로구,명륜1가
1111015100,서울특별시,종로구,명륜2가
1111015200,서울특별시,종로구,명륜3가
1111015300,서울특별시,종로구,명륜4가
1111015400,서울특별시,종로구,창신동
1111015500,서울특별시,종로구,숭인동
1111015600,서울특별시,종로구,교남동
1111015700,서울특별시,종로구,평창동
1111015800,서울특별시,종로구,부암동
1111015900,서울특별시,종로구,홍지동
1111016000,서울특별시,종로구,신영동
1111016100,서울특별시,종로구,무악동
1111016200,서울특별시,종로구,교북동
1111016300,서울특별시,종로구,행촌동
1111016400,서울특별시,종로구,구기동
1111016500,서울특별시,종로구,신촌동
1111051500,서울특별시,종로구,종로2가
1111051600,서울특별시,종로구,종로3가
1111051700,서울특별시,종로구,종로4가
1111051800,서울특별시,종로구,종로5가
1111051900,서울특별시,종로구,종로6가
1111052000,서울특별시,종로구,이화동
1111052100,서울특별시,종로구,연건동
1111052200,서울특별시,종로구,충신동
1111052300,서울특별시,종로구,동숭동
1111052400,서울특별시,종로구,혜화동
1111052500,서울특별시,종로구,명륜동
1111053000,서울특별시,종로구,창경동
1111053100,서울특별시,종로구,효제동
1111053200,서울특별시,종로구,원남동
1111420100,서울특별시,중구,소공동
1111420200,서울특별시,중구,회현동1가
1111420300,서울특별시,중구,회현동2가
1111420400,서울특별시,중구,회현동3가
1111420500,서울특별시,중구,명동1가
1111420600,서울특별시,중구,명동2가
1111420700,서울특별시,중구,남대문로1가
1111420800,서울특별시,중구,남대문로2가
1111420900,서울특별시,중구,남대문로3가
1111421000,서울특별시,중구,남대문로4가
1111421100,서울특별시,중구,남대문로5가
1111421200,서울특별시,중구,봉래동1가
1111421300,서울특별시,중구,봉래동2가
1111421400,서울특별시,중구,다동
1111421500,서울특별시,중구,무교동
1111421600,서울특별시,중구,을지로1가
1111421700,서울특별시,중구,을지로2가
1111421800,서울특별시,중구,을지로3가
1111421900,서울특별시,중구,을지로4가
1111422000,서울특별시,중구,을지로5가
1111422100,서울특별시,중구,남창동
1111422200,서울특별시,중구,북창동
1111422300,서울특별시,중구,태평로1가
1111422400,서울특별시,중구,태평로2가
1111422500,서울특별시,중구,정동
1111422600,서울특별시,중구,순화동
1111422700,서울특별시,중구,장교동
1111422800,서울특별시,중구,수하동
1111422900,서울특별시,중구,수표동
1111423000,서울특별시,중구,소의동
1111423100,서울특별시,중구,주자동
1111423200,서울특별시,중구,명동
1111423300,서울특별시,중구,예관동
1111423400,서울특별시,중구,필동1가
1111423500,서울특별시,중구,필동2가
1111423600,서울특별시,중구,필동3가
1111423700,서울특별시,중구,남학동
1111423800,서울특별시,중구,주교동
1111423900,서울특별시,중구,방산동
1111424000,서울특별시,중구,오장동
1111424100,서울특별시,중구,쌍림동
1111424200,서울특별시,중구,을지로6가
1111424300,서울특별시,중구,을지로7가
1111424400,서울특별시,중구,산림동
1111424500,서울특별시,중구,저동1가
1111424600,서울특별시,중구,저동2가
1111424700,서울특별시,중구,인현동1가
1111424800,서울특별시,중구,인현동2가
1111424900,서울특별시,중구,예지동
1111425000,서울특별시,중구,충무로1가
1111425100,서울특별시,중구,충무로2가
1111425200,서울특별시,중구,충무로3가
1111425300,서울특별시,중구,충무로4가
1111425400,서울특별시,중구,충무로5가
1111425500,서울특별시,중구,동자동
1111425600,서울특별시,중구,만리동1가
1111425700,서울특별시,중구,만리동2가
1111425800,서울특별시,중구,대의동1가
1111425900,서울특별시,중구,대의동2가
1111426000,서울특별시,중구,신당동
1111426100,서울특별시,중구,신당1동
1111426200,서울특별시,중구,신당2동
1111426300,서울특별시,중구,신당3동
1111426400,서울특별시,중구,신당4동
1111426500,서울특별시,중구,신당5동
1111426600,서울특별시,중구,신당6동
1111426700,서울특별시,중구,흥인동
1111426800,서울특별시,중구,무학동
1111426900,서울특별시,중구,다산동
1111427000,서울특별시,중구,약수동
1111427100,서울특별시,중구,청구동
1111427200,서울특별시,중구,신당동
1111427300,서울특별시,중구,황학동
1111427400,서울특별시,중구,중림동
1111427500,서울특별시,중구,손기정동
1111430100,서울특별시,용산구,후암동
1111430200,서울특별시,용산구,용산동1가
1111430300,서울특별시,용산구,용산동2가
1111430400,서울특별시,용산구,용산동3가
1111430500,서울특별시,용산구,용산동4가
1111430600,서울특별시,용산구,용산동5가
1111430700,서울특별시,용산구,용산동6가
1111430800,서울특별시,용산구,갈월동
1111430900,서울특별시,용산구,남영동
1111431000,서울특별시,용산구,청파동1가
1111431100,서울특별시,용산구,청파동2가
1111431200,서울특별시,용산구,청파동3가
1111431300,서울특별시,용산구,원효로1가
1111431400,서울특별시,용산구,원효로2가
1111431500,서울특별시,용산구,원효로3가
1111431600,서울특별시,용산구,원효로4가
1111431700,서울특별시,용산구,효창동
1111431800,서울특별시,용산구,도원동
1111431900,서울특별시,용산구,용문동
1111432000,서울특별시,용산구,문배동
1111432100,서울특별시,용산구,신계동
1111432200,서울특별시,용산구,청암동
1111432300,서울특별시,용산구,산천동
1111432400,서울특별시,용산구,토정동
1111432500,서울특별시,용산구,보광동
1111432600,서울특별시,용산구,대사동
1111432700,서울특별시,용산구,이촌동
1111432800,서울특별시,용산구,이촌1동
1111432900,서울특별시,용산구,이촌2동
1111433000,서울특별시,용산구,한강로1가
1111433100,서울특별시,용산구,한강로2가
1111433200,서울특별시,용산구,한강로3가
1111433300,서울특별시,용산구,동자동
1111433400,서울특별시,용산구,서계동
1111433500,서울특별시,용산구,봉래동
1111433600,서울특별시,용산구,주성동
1111433700,서울특별시,용산구,동빙고동
1111433800,서울특별시,용산구,서빙고동
1111433900,서울특별시,용산구,빙고동
1111434000,서울특별시,용산구,만리동
1111434100,서울특별시,용산구,노고산동
1111434200,서울특별시,용산구,응봉동
1111434300,서울특별시,용산구,옥수동
1111434400,서울특별시,용산구,성산동
1111434500,서울특별시,용산구,금양동
1111434600,서울특별시,용산구,압구정동
1111434700,서울특별시,용산구,한남동
1111434800,서울특별시,용산구,동작동
1111440100,서울특별시,성동구,왕십리동
1111440200,서울특별시,성동구,마장동
1111440300,서울특별시,성동구,사근동
1111440400,서울특별시,성동구,행당동
1111440500,서울특별시,성동구,응봉동
1111440600,서울특별시,성동구,금호동1가
1111440700,서울특별시,성동구,금호동2가
1111440800,서울특별시,성동구,금호동3가
1111440900,서울특별시,성동구,금호동4가
1111441000,서울특별시,성동구,옥수동
1111441100,서울특별시,성동구,성수동1가
1111441200,서울특별시,성동구,성수동2가
1111441300,서울특별시,성동구,송정동
1111441400,서울특별시,성동구,용답동
1111441500,서울특별시,성동구,도선동
1111441600,서울특별시,성동구,응봉동
1111441700,서울특별시,성동구,하왕십리동
1111441800,서울특별시,성동구,홍익동
1111441900,서울특별시,성동구,상왕십리동
1111442000,서울특별시,성동구,도음동
1111450100,서울특별시,광진구,중곡동
1111450200,서울특별시,광진구,능동
1111450300,서울특별시,광진구,구의동
1111450400,서울특별시,광진구,강변동
1111450500,서울특별시,광진구,자양동
1111450600,서울특별시,광진구,화양동
1111450700,서울특별시,광진구,군자동
1111450800,서울특별시,광진구,광장동
1111460100,서울특별시,동대문구,제기동
1111460200,서울특별시,동대문구,전농동
1111460300,서울특별시,동대문구,답십리동
1111460400,서울특별시,동대문구,장안동
1111460500,서울특별시,동대문구,청량리동
1111460600,서울특별시,동대문구,회기동
1111460700,서울특별시,동대문구,휘경동
1111460800,서울특별시,동대문구,이문동
1111460900,서울특별시,동대문구,용신동
1111470100,서울특별시,중랑구,면목동
1111470200,서울특별시,중랑구,상봉동
1111470300,서울특별시,중랑구,중화동
1111470400,서울특별시,중랑구,묵동
1111470500,서울특별시,중랑구,망우동
1111470600,서울특별시,중랑구,신내동
1111480100,서울특별시,성북구,성북동
1111480200,서울특별시,성북구,성북동1가
1111480300,서울특별시,성북구,돈암동
1111480400,서울특별시,성북구,동소문동1가
1111480500,서울특별시,성북구,동소문동2가
1111480600,서울특별시,성북구,동소문동3가
1111480700,서울특별시,성북구,동소문동4가
1111480800,서울특별시,성북구,동소문동5가
1111480900,서울특별시,성북구,동소문동6가
1111481000,서울특별시,성북구,동소문동7가
1111481100,서울특별시,성북구,삼선동1가
1111481200,서울특별시,성북구,삼선동2가
1111481300,서울특별시,성북구,삼선동3가
1111481400,서울특별시,성북구,삼선동4가
1111481500,서울특별시,성북구,삼선동5가
1111481600,서울특별시,성북구,동선동1가
1111481700,서울특별시,성북구,동선동2가
1111481800,서울특별시,성북구,동선동3가
1111481900,서울특별시,성북구,동선동4가
1111482000,서울특별시,성북구,동선동5가
1111482100,서울특별시,성북구,안암동1가
1111482200,서울특별시,성북구,안암동2가
1111482300,서울특별시,성북구,안암동3가
1111482400,서울특별시,성북구,안암동4가
1111482500,서울특별시,성북구,안암동5가
1111482600,서울특별시,성북구,보문동1가
1111482700,서울특별시,성북구,보문동2가
1111482800,서울특별시,성북구,보문동3가
1111482900,서울특별시,성북구,보문동4가
1111483000,서울특별시,성북구,보문동5가
1111483100,서울특별시,성북구,보문동6가
1111483200,서울특별시,성북구,보문동7가
1111483300,서울특별시,성북구,정릉동
1111483400,서울특별시,성북구,길음동
1111483500,서울특별시,성북구,종암동
1111483600,서울특별시,성북구,하월곡동
1111483700,서울특별시,성북구,상월곡동
1111483800,서울특별시,성북구,장위동
1111483900,서울특별시,성북구,석관동
1111490100,서울특별시,강북구,수유동
1111490200,서울특별시,강북구,우이동
1111490300,서울특별시,강북구,인수동
1111490400,서울특별시,강북구,번동
1111490500,서울특별시,강북구,미아동
1111490600,서울특별시,강북구,송중동
1111490700,서울특별시,강북구,송천동
1111490800,서울특별시,강북구,삼각산동
1111490900,서울특별시,강북구,삼양동
1111500100,서울특별시,도봉구,창동
1111500200,서울특별시,도봉구,도봉동
1111500300,서울특별시,도봉구,쌍문동
1111500400,서울특별시,도봉구,방학동
1111500500,서울특별시,도봉구,하계동
1111510100,서울특별시,노원구,월계동
1111510200,서울특별시,노원구,공릉동
1111510300,서울특별시,노원구,하계동
1111510400,서울특별시,노원구,중계동
1111510500,서울특별시,노원구,상계동
1111520100,서울특별시,은평구,수색동
1111520200,서울특별시,은평구,녹번동
1111520300,서울특별시,은평구,불광동
1111520400,서울특별시,은평구,갈현동
1111520500,서울특별시,은평구,구산동
1111520600,서울특별시,은평구,대조동
1111520700,서울특별시,은평구,응암동
1111520800,서울특별시,은평구,역촌동
1111520900,서울특별시,은평구,신사동
1111521000,서울특별시,은평구,증산동
1111521100,서울특별시,은평구,진관동
1111530100,서울특별시,서대문구,충정로2가
1111530200,서울특별시,서대문구,충정로3가
1111530300,서울특별시,서대문구,합동
1111530400,서울특별시,서대문구,미근동
1111530500,서울특별시,서대문구,천연동
1111530600,서울특별시,서대문구,옥천동
1111530700,서울특별시,서대문구,영천동
1111530800,서울특별시,서대문구,현저동
1111530900,서울특별시,서대문구,홍제동
1111531000,서울특별시,서대문구,홍은동
1111531100,서울특별시,서대문구,남가좌동
1111531200,서울특별시,서대문구,북가좌동
1111531300,서울특별시,서대문구,북아현동
1111531400,서울특별시,서대문구,냉천동
1111531500,서울특별시,서대문구,신촌동
1111540100,서울특별시,마포구,공덕동
1111540200,서울특별시,마포구,아현동
1111540300,서울특별시,마포구,신수동
1111540400,서울특별시,마포구,용강동
1111540500,서울특별시,마포구,대흥동
1111540600,서울특별시,마포구,염리동
1111540700,서울특별시,마포구,도화동
1111540800,서울특별시,마포구,서강동
1111540900,서울특별시,마포구,와우동
1111541000,서울특별시,마포구,노고산동
1111541100,서울특별시,마포구,신공덕동
1111541200,서울특별시,마포구,구수동
1111541300,서울특별시,마포구,신정동
1111541400,서울특별시,마포구,토정동
1111541500,서울특별시,마포구,마포동
1111541600,서울특별시,마포구,대흥동
1111541700,서울특별시,마포구,신수동
1111541800,서울특별시,마포구,현석동
1111541900,서울특별시,마포구,구교동
1111542000,서울특별시,마포구,신교동
1111542100,서울특별시,마포구,동교동
1111542200,서울특별시,마포구,연남동
1111542300,서울특별시,마포구,성산동
1111542400,서울특별시,마포구,상암동
1111542500,서울특별시,마포구,망원동
1111542600,서울특별시,마포구,합정동
1111542700,서울특별시,마포구,중동
1111550100,서울특별시,양천구,목동
1111550200,서울특별시,양천구,신월동
1111550300,서울특별시,양천구,신정동
1111560100,서울특별시,강서구,염창동
1111560200,서울특별시,강서구,등촌동
1111560300,서울특별시,강서구,화곡동
1111560400,서울특별시,강서구,가양동
1111560500,서울특별시,강서구,마곡동
1111560600,서울특별시,강서구,내발산동
1111560700,서울특별시,강서구,외발산동
1111560800,서울특별시,강서구,공항동
1111560900,서울특별시,강서구,방화동
1111561000,서울특별시,강서구,개화동
1111561100,서울특별시,강서구,과해동
1111561200,서울특별시,강서구,오곡동
1111561300,서울특별시,강서구,오쇠동
1111570100,서울특별시,구로구,신도림동
1111570200,서울특별시,구로구,구로동
1111570300,서울특별시,구로구,가리봉동
1111570400,서울특별시,구로구,독산동
1111570500,서울특별시,구로구,시흥동
1111570600,서울특별시,구로구,신대방동
1111570700,서울특별시,구로구,대림동
1111570800,서울특별시,구로구,개봉동
1111570900,서울특별시,구로구,오류동
1111571000,서울특별시,구로구,궁동
1111571100,서울특별시,구로구,온수동
1111571200,서울특별시,구로구,천왕동
1111571300,서울특별시,구로구,항동
1111580100,서울특별시,금천구,가산동
1111580200,서울특별시,금천구,독산동
1111580300,서울특별시,금천구,시흥동
1111590100,서울특별시,영등포구,영등포동
1111590200,서울특별시,영등포구,영등포동1가
1111590300,서울특별시,영등포구,영등포동2가
1111590400,서울특별시,영등포구,영등포동3가
1111590500,서울특별시,영등포구,영등포동4가
1111590600,서울특별시,영등포구,영등포동5가
1111590700,서울특별시,영등포구,영등포동6가
1111590800,서울특별시,영등포구,영등포동7가
1111590900,서울특별시,영등포구,영등포동8가
1111591000,서울특별시,영등포구,여의도동
1111591100,서울특별시,영등포구,당산동1가
1111591200,서울특별시,영등포구,당산동2가
1111591300,서울특별시,영등포구,당산동3가
1111591400,서울특별시,영등포구,당산동4가
1111591500,서울특별시,영등포구,당산동5가
1111591600,서울특별시,영등포구,당산동6가
1111591700,서울특별시,영등포구,도림동
1111591800,서울특별시,영등포구,문래동1가
1111591900,서울특별시,영등포구,문래동2가
1111592000,서울특별시,영등포구,문래동3가
1111592100,서울특별시,영등포구,문래동4가
1111592200,서울특별시,영등포구,문래동5가
1111592300,서울특별시,영등포구,문래동6가
1111592400,서울특별시,영등포구,양평동1가
1111592500,서울특별시,영등포구,양평동2가
1111592600,서울특별시,영등포구,양평동3가
1111592700,서울특별시,영등포구,양평동4가
1111592800,서울특별시,영등포구,양평동5가
1111592900,서울특별시,영등포구,양평동6가
1111593000,서울특별시,영등포구,신길동
1111593100,서울특별시,영등포구,대림동
1111593200,서울특별시,영등포구,신대방동
1111600100,서울특별시,동작구,노량진동
1111600200,서울특별시,동작구,대방동
1111600300,서울특별시,동작구,신대방동
1111600400,서울특별시,동작구,상도동
1111600500,서울특별시,동작구,흑석동
1111600600,서울특별시,동작구,동작동
1111600700,서울특별시,동작구,사당동
1111600800,서울특별시,동작구,본동
1111610100,서울특별시,관악구,봉천동
1111610200,서울특별시,관악구,신림동
1111610300,서울특별시,관악구,난향동
1111610400,서울특별시,관악구,서원동
1111610500,서울특별시,관악구,신사동
1111610600,서울특별시,관악구,중앙동
1111610700,서울특별시,관악구,인헌동
1111610800,서울특별시,관악구,남현동
1111610900,서울특별시,관악구,청림동
1111611000,서울특별시,관악구,행운동
1111611100,서울특별시,관악구,낙성대동
1111611200,서울특별시,관악구,청룡동
1111611300,서울특별시,관악구,은천동
1111611400,서울특별시,관악구,성현동
1111611500,서울특별시,관악구,대학동
1111611600,서울특별시,관악구,삼성동
1111611700,서울특별시,관악구,미성동
1111620100,서울특별시,서초구,서초동
1111620200,서울특별시,서초구,잠원동
1111620300,서울특별시,서초구,반포동
1111620400,서울특별시,서초구,방배동
1111620500,서울특별시,서초구,양재동
1111620600,서울특별시,서초구,우면동
1111620700,서울특별시,서초구,원지동
1111620800,서울특별시,서초구,지곡동
1111620900,서울특별시,서초구,개포동
1111621000,서울특별시,서초구,도곡동
1111621100,서울특별시,서초구,대치동
1111621200,서울특별시,서초구,역삼동
1111621300,서울특별시,서초구,논현동
1111621400,서울특별시,서초구,내곡동
1111621500,서울특별시,서초구,염곡동
1111621600,서울특별시,서초구,신원동
1111630100,서울특별시,강남구,신사동
1111630200,서울특별시,강남구,논현동
1111630300,서울특별시,강남구,압구정동
1111630400,서울특별시,강남구,청담동
1111630500,서울특별시,강남구,삼성동
1111630600,서울특별시,강남구,대치동
1111630700,서울특별시,강남구,역삼동
1111630800,서울특별시,강남구,도곡동
1111630900,서울특별시,강남구,개포동
1111631000,서울특별시,강남구,자곡동
1111631100,서울특별시,강남구,율현동
1111631200,서울특별시,강남구,일원동
1111631300,서울특별시,강남구,수서동
1111631400,서울특별시,강남구,세곡동
1111640100,서울특별시,송파구,풍납동
1111640200,서울특별시,송파구,거여동
1111640300,서울특별시,송파구,마천동
1111640400,서울특별시,송파구,방이동
1111640500,서울특별시,송파구,오금동
1111640600,서울특별시,송파구,송파동
1111640700,서울특별시,송파구,석촌동
1111640800,서울특별시,송파구,삼전동
1111640900,서울특별시,송파구,가락동
1111641000,서울특별시,송파구,문정동
1111641100,서울특별시,송파구,장지동
1111641200,서울특별시,송파구,위례동
1111650100,서울특별시,강동구,강일동
1111650200,서울특별시,강동구,상일동
1111650300,서울특별시,강동구,명일동
1111650400,서울특별시,강동구,고덕동
1111650500,서울특별시,강동구,암사동
1111650600,서울특별시,강동구,천호동
1111650700,서울특별시,강동구,성내동
1111650800,서울특별시,강동구,길동
1111650900,서울특별시,강동구,둔촌동
4111110100,경기도,수원시 장안구,파장동
4111110200,경기도,수원시 장안구,율천동
4111110300,경기도,수원시 장안구,정자동
4111110400,경기도,수원시 장안구,영화동
4111110500,경기도,수원시 장안구,송죽동
4111110600,경기도,수원시 장안구,조원동
4111110700,경기도,수원시 장안구,연무동
4111120100,경기도,수원시 영통구,매탄동
4111120200,경기도,수원시 영통구,원천동
4111120300,경기도,수원시 영통구,영통동
4111120400,경기도,수원시 영통구,하동
4111120500,경기도,수원시 영통구,광교동
4111130100,경기도,수원시 팔달구,팔달로1가
4111130200,경기도,수원시 팔달구,팔달로2가
4111130300,경기도,수원시 팔달구,팔달로3가
4111130400,경기도,수원시 팔달구,인계동
4111130500,경기도,수원시 팔달구,우만동
4111130600,경기도,수원시 팔달구,매교동
4111130700,경기도,수원시 팔달구,매산동
4111140100,경기도,수원시 권선구,권선동
4111140200,경기도,수원시 권선구,서둔동
4111140300,경기도,수원시 권선구,입북동
4111140400,경기도,수원시 권선구,구운동
4111140500,경기도,수원시 권선구,금곡동
4111140600,경기도,수원시 권선구,호매실동
4113110100,경기도,성남시 수정구,신흥동
4113110200,경기도,성남시 수정구,태평동
4113110300,경기도,성남시 수정구,수진동
4113110400,경기도,성남시 수정구,단대동
4113110500,경기도,성남시 수정구,복정동
4113110600,경기도,성남시 수정구,양지동
4113110700,경기도,성남시 수정구,시흥동
4113120100,경기도,성남시 중원구,성남동
4113120200,경기도,성남시 중원구,중앙동
4113120300,경기도,성남시 중원구,금광동
4113120400,경기도,성남시 중원구,은행동
4113120500,경기도,성남시 중원구,상대원동
4113120600,경기도,성남시 중원구,하대원동
4113120700,경기도,성남시 중원구,도촌동
4113130100,경기도,성남시 분당구,정자동
4113130200,경기도,성남시 분당구,수내동
4113130300,경기도,성남시 분당구,분당동
4113130400,경기도,성남시 분당구,구미동
4113130500,경기도,성남시 분당구,백현동
4113130600,경기도,성남시 분당구,야탑동
4113130700,경기도,성남시 분당구,이매동
4113130800,경기도,성남시 분당구,서현동
4113130900,경기도,성남시 분당구,판교동
4115110100,경기도,고양시 덕양구,주교동
4115110200,경기도,고양시 덕양구,원신동
4115110300,경기도,고양시 덕양구,성사동
4115110400,경기도,고양시 덕양구,창릉동
4115110500,경기도,고양시 덕양구,고양동
4115110600,경기도,고양시 덕양구,덕은동
4115110700,경기도,고양시 덕양구,화정동
4115110800,경기도,고양시 덕양구,행신동
4115120100,경기도,고양시 일산동구,식사동
4115120200,경기도,고양시 일산동구,장항동
4115120300,경기도,고양시 일산동구,정발산동
4115120400,경기도,고양시 일산동구,백석동
4115120500,경기도,고양시 일산동구,마두동
4115120600,경기도,고양시 일산동구,중산동
4115120700,경기도,고양시 일산동구,산황동
4115130100,경기도,고양시 일산서구,일산동
4115130200,경기도,고양시 일산서구,주엽동
4115130300,경기도,고양시 일산서구,대화동
4115130400,경기도,고양시 일산서구,킨텍스로
4115130500,경기도,고양시 일산서구,탄현동
4115130600,경기도,고양시 일산서구,법곶동
4117110100,경기도,용인시 처인구,포곡읍
4117110200,경기도,용인시 처인구,모현읍
4117110300,경기도,용인시 처인구,김량장동
4117110400,경기도,용인시 처인구,역북동
4117110500,경기도,용인시 처인구,중앙동
4117110600,경기도,용인시 처인구,삼가동
4117110700,경기도,용인시 처인구,역삼동
4117110800,경기도,용인시 처인구,원삼면
4117110900,경기도,용인시 처인구,백암면
4117120100,경기도,용인시 기흥구,기흥동
4117120200,경기도,용인시 기흥구,신갈동
4117120300,경기도,용인시 기흥구,구갈동
4117120400,경기도,용인시 기흥구,보정동
4117120500,경기도,용인시 기흥구,청덕동
4117120600,경기도,용인시 기흥구,영덕동
4117120700,경기도,용인시 기흥구,동백동
4117120800,경기도,용인시 기흥구,상갈동
4117130100,경기도,용인시 수지구,풍덕천동
4117130200,경기도,용인시 수지구,신봉동
4117130300,경기도,용인시 수지구,죽전동
4117130400,경기도,용인시 수지구,상현동
4117130500,경기도,용인시 수지구,동천동
4117130600,경기도,용인시 수지구,성복동
4119100100,경기도,부천시 원미구,중동
4119100200,경기도,부천시 원미구,상동
4119100300,경기도,부천시 원미구,신중동
4119100400,경기도,부천시 원미구,춘의동
4119100500,경기도,부천시 원미구,약대동
4119100600,경기도,부천시 원미구,도당동
4119100700,경기도,부천시 원미구,소사동
4119200100,경기도,부천시 소사구,소사본동
4119200200,경기도,부천시 소사구,괴안동
4119200300,경기도,부천시 소사구,송내동
4119200400,경기도,부천시 소사구,범박동
4119300100,경기도,부천시 오정구,오정동
4119300200,경기도,부천시 오정구,원종동
4119300300,경기도,부천시 오정구,고강동
4121100100,경기도,안산시 상록구,본오동
4121100200,경기도,안산시 상록구,월피동
4121100300,경기도,안산시 상록구,사동
4121100400,경기도,안산시 상록구,부곡동
4121100500,경기도,안산시 상록구,성포동
4121100600,경기도,안산시 상록구,반월동
4121100700,경기도,안산시 상록구,건건동
4121100800,경기도,안산시 상록구,일동
4121200100,경기도,안산시 단원구,고잔동
4121200200,경기도,안산시 단원구,신길동
4121200300,경기도,안산시 단원구,원곡동
4121200400,경기도,안산시 단원구,선부동
4121200500,경기도,안산시 단원구,초지동
4121200600,경기도,안산시 단원구,대부동
4122100100,경기도,안양시 만안구,안양동
4122100200,경기도,안양시 만안구,박달동
4122100300,경기도,안양시 만안구,석수동
4122100400,경기도,안양시 만안구,비산동
4122200100,경기도,안양시 동안구,평촌동
4122200200,경기도,안양시 동안구,관양동
4122200300,경기도,안양시 동안구,부림동
4122200400,경기도,안양시 동안구,호계동
4122200500,경기도,안양시 동안구,범계동
4125100100,경기도,남양주시,와부읍
4125100200,경기도,남양주시,조안면
4125100300,경기도,남양주시,진접읍
4125100400,경기도,남양주시,진건읍
4125100500,경기도,남양주시,오남읍
4125100600,경기도,남양주시,별내면
4125100700,경기도,남양주시,퇴계원면
4125100800,경기도,남양주시,수동면
4125100900,경기도,남양주시,화도읍
4125101000,경기도,남양주시,금곡동
4125101100,경기도,남양주시,평내동
4125101200,경기도,남양주시,호평동
4125101300,경기도,남양주시,다산동
4127100100,경기도,화성시,향남읍
4127100200,경기도,화성시,남양읍
4127100300,경기도,화성시,우정읍
4127100400,경기도,화성시,매송면
4127100500,경기도,화성시,비봉면
4127100600,경기도,화성시,마도면
4127100700,경기도,화성시,송산면
4127100800,경기도,화성시,서신면
4127100900,경기도,화성시,신남면
4127101000,경기도,화성시,팔탄면
4127101100,경기도,화성시,장안면
4127101200,경기도,화성시,정남면
4127101300,경기도,화성시,봉담읍
4127101400,경기도,화성시,동탄면
4128100100,경기도,평택시,평택동
4128100200,경기도,평택시,송탄동
4128100300,경기도,평택시,서탄면
4128100400,경기도,평택시,고덕면
4128100500,경기도,평택시,청북면
4128100600,경기도,평택시,오성면
4128100700,경기도,평택시,진위면
4128100800,경기도,평택시,현덕면
4128100900,경기도,평택시,안중읍
4128101000,경기도,평택시,포승읍
4128101100,경기도,평택시,팽성읍
4131100100,경기도,의정부시,의정부동
4131100200,경기도,의정부시,호원동
4131100300,경기도,의정부시,장암동
4131100400,경기도,의정부시,신곡동
4131100500,경기도,의정부시,송산동
4131100600,경기도,의정부시,자금동
4131100700,경기도,의정부시,가능동
4131100800,경기도,의정부시,녹양동
4131100900,경기도,의정부시,민락동
4131101000,경기도,의정부시,용현동
4135100100,경기도,시흥시,대야동
4135100200,경기도,시흥시,신천동
4135100300,경기도,시흥시,신현동
4135100400,경기도,시흥시,은행동
4135100500,경기도,시흥시,장현동
4135100600,경기도,시흥시,월곶동
4135100700,경기도,시흥시,정왕동
4135100800,경기도,시흥시,배곧동
4136100100,경기도,파주시,파주읍
4136100200,경기도,파주시,법원읍
4136100300,경기도,파주시,조리읍
4136100400,경기도,파주시,탄현면
4136100500,경기도,파주시,월롱면
4136100600,경기도,파주시,적성면
4136100700,경기도,파주시,파평면
4136100800,경기도,파주시,금촌동
4136100900,경기도,파주시,운정동
4136101000,경기도,파주시,교하동
4137100100,경기도,광명시,철산동
4137100200,경기도,광명시,광명동
4137100300,경기도,광명시,하안동
4137100400,경기도,광명시,소하동
4137100500,경기도,광명시,일직동
4139100100,경기도,김포시,김포동
4139100200,경기도,김포시,사우동
4139100300,경기도,김포시,풍무동
4139100400,경기도,김포시,장기동
4139100500,경기도,김포시,운양동
4139100600,경기도,김포시,고촌읍
4139100700,경기도,김포시,양촌읍
4139100800,경기도,김포시,대곶면
4139100900,경기도,김포시,월곶면
4139101000,경기도,김포시,하성면
4139101100,경기도,김포시,통진읍
4141100100,경기도,군포시,군포동
4141100200,경기도,군포시,산본동
4141100300,경기도,군포시,금정동
4141100400,경기도,군포시,재궁동
4141100500,경기도,군포시,대야미동
4141100600,경기도,군포시,오금동
4141100700,경기도,군포시,둔대동
4143100100,경기도,광주시,경안동
4143100200,경기도,광주시,송정동
4143100300,경기도,광주시,쌍령동
4143100400,경기도,광주시,오포읍
4143100500,경기도,광주시,초월읍
4143100600,경기도,광주시,곤지암읍
4143100700,경기도,광주시,도척면
4143100800,경기도,광주시,퇴촌면
4143100900,경기도,광주시,남종면
4143101000,경기도,광주시,중부면
4145100100,경기도,이천시,이천동
4145100200,경기도,이천시,창전동
4145100300,경기도,이천시,안흥동
4145100400,경기도,이천시,중리동
4145100500,경기도,이천시,증포동
4145100600,경기도,이천시,모가면
4145100700,경기도,이천시,호법면
4145100800,경기도,이천시,마장면
4145100900,경기도,이천시,부발읍
4145101000,경기도,이천시,신둔면
4145101100,경기도,이천시,대월면
4145101200,경기도,이천시,백사면
4147100100,경기도,양주시,양주동
4147100200,경기도,양주시,덕계동
4147100300,경기도,양주시,회천동
4147100400,경기도,양주시,고읍동
4147100500,경기도,양주시,유양동
4147100600,경기도,양주시,남면
4147100700,경기도,양주시,광적면
4147100800,경기도,양주시,은현면
4147100900,경기도,양주시,백석읍
4147101000,경기도,양주시,장흥면
4149100100,경기도,오산시,오산동
4149100200,경기도,오산시,신장동
4149100300,경기도,오산시,세마동
4149100400,경기도,오산시,원동
4149100500,경기도,오산시,지곶동
4149100600,경기도,오산시,누읍동
4149100700,경기도,오산시,가장동
4149100800,경기도,오산시,청학동
4151100100,경기도,구리시,갈매동
4151100200,경기도,구리시,사노동
4151100300,경기도,구리시,인창동
4151100400,경기도,구리시,교문동
4151100500,경기도,구리시,수택동
4151100600,경기도,구리시,토평동
4151100700,경기도,구리시,아천동
4153100100,경기도,안성시,안성동
4153100200,경기도,안성시,금광면
4153100300,경기도,안성시,서운면
4153100400,경기도,안성시,미양면
4153100500,경기도,안성시,대덕면
4153100600,경기도,안성시,양성면
4153100700,경기도,안성시,원곡면
4153100800,경기도,안성시,일죽면
4153100900,경기도,안성시,죽산면
4153101000,경기도,안성시,삼죽면
4153101100,경기도,안성시,고삼면
4153101200,경기도,안성시,보개면
4153101300,경기도,안성시,공도읍
4153101400,경기도,안성시,석적읍
4155100100,경기도,포천시,포천동
4155100200,경기도,포천시,소흘읍
4155100300,경기도,포천시,가산면
4155100400,경기도,포천시,신북면
4155100500,경기도,포천시,영중면
4155100600,경기도,포천시,창수면
4155100700,경기도,포천시,이동면
4155100800,경기도,포천시,내촌면
4155100900,경기도,포천시,관인면
4155101000,경기도,포천시,군내면
4155101100,경기도,포천시,영북면
4155101200,경기도,포천시,일동면
4155101300,경기도,포천시,화현면
4157100100,경기도,의왕시,의왕동
4157100200,경기도,의왕시,고천동
4157100300,경기도,의왕시,오전동
4157100400,경기도,의왕시,청계동
4157100500,경기도,의왕시,내손동
4157100600,경기도,의왕시,왕곡동
4157100700,경기도,의왕시,부곡동
4159100100,경기도,하남시,신장동
4159100200,경기도,하남시,풍산동
4159100300,경기도,하남시,덕풍동
4159100400,경기도,하남시,상산곡동
4159100500,경기도,하남시,하산곡동
4159100600,경기도,하남시,초이동
4159100700,경기도,하남시,학암동
4159100800,경기도,하남시,당정동
4159100900,경기도,하남시,선동
4159101000,경기도,하남시,망월동
4161100100,경기도,여주시,여주동
4161100200,경기도,여주시,오학동
4161100300,경기도,여주시,현암동
4161100400,경기도,여주시,가남읍
4161100500,경기도,여주시,능서면
4161100600,경기도,여주시,흥천면
4161100700,경기도,여주시,금사면
4161100800,경기도,여주시,산북면
4161100900,경기도,여주시,대신면
4161101000,경기도,여주시,북내면
4161101100,경기도,여주시,점동면
4163100100,경기도,과천시,갈현동
4163100200,경기도,과천시,중앙동
4163100300,경기도,과천시,별양동
4163100400,경기도,과천시,막계동
4163100500,경기도,과천시,문원동
4165100100,경기도,동두천시,생연동
4165100200,경기도,동두천시,보산동
4165100300,경기도,동두천시,불현동
4165100400,경기도,동두천시,송내동
4165100500,경기도,동두천시,상패동
4165100600,경기도,동두천시,하패동
4165100700,경기도,동두천시,탑동동
4180100100,경기도,양평군,양평읍
4180100200,경기도,양평군,강상면
4180100300,경기도,양평군,강하면
4180100400,경기도,양평군,양서면
4180100500,경기도,양평군,옥천면
4180100600,경기도,양평군,서종면
4180100700,경기도,양평군,단월면
4180100800,경기도,양평군,청운면
4180100900,경기도,양평군,지평면
4180101000,경기도,양평군,용문면
4180101100,경기도,양평군,개군면
4180101200,경기도,양평군,중앙선
4182100100,경기도,가평군,가평읍
4182100200,경기도,가평군,청평면
4182100300,경기도,가평군,상면
4182100400,경기도,가평군,하면
4182100500,경기도,가평군,북면
4182100600,경기도,가평군,조종면
4182100700,경기도,가평군,설악면
4184100100,경기도,연천군,연천읍
4184100200,경기도,연천군,전곡읍
4184100300,경기도,연천군,청산면
4184100400,경기도,연천군,백학면
4184100500,경기도,연천군,미산면
4184100600,경기도,연천군,왕징면
4184100700,경기도,연천군,장남면
4184100800,경기도,연천군,신서면
4184100900,경기도,연천군,중면
4184101000,경기도,연천군,군남면
